{
    "faces": [33,0,1,2,3,0,1,2,3,33,4,7,6,5,4,5,6,7,33,0,4,5,1,0,4,7,1,33,1,5,6,2,1,7,6,2,33,2,6,7,3,2,6,5,3,33,4,0,3,7,4,0,3,5,32,10,5,9,8,7,9,33,10,9,12,13,8,9,10,11,33,9,8,11,12,9,12,13,10,32,1,13,12,1,11,10,32,0,1,12,0,1,10,32,11,0,12,13,0,10,33,13,1,5,10,11,1,7,8,32,5,4,9,7,4,9,32,4,8,9,4,12,9,33,4,0,11,8,4,0,13,12],
    "name": "CubeGeometry",
    "normals": [0.81869,0.406751,-0.405286,0.820338,0.405621,0.403027,-0.577349,-0.577349,0.577349,-0.577349,-0.577349,-0.577349,0.81869,-0.406751,-0.405286,-0.577349,0.577349,-0.577349,-0.577349,0.577349,0.577349,0.820338,-0.405621,0.403027,0.345042,-0.549638,-0.760765,-0.822352,-0.568957,0.000824,-0.822352,0.568957,0.000824,0.345042,0.549638,-0.760765,0.348766,-0.549486,0.759209,0.348766,0.549486,0.759209],
    "metadata": {
        "faces": 16,
        "generator": "io_three",
        "version": 3,
        "type": "Geometry",
        "vertices": 14,
        "normals": 14,
        "uvs": 0
    },
    "vertices": [4,-0,-1,4,0,1,-1,0,1,-1,-0,-1,4,0.247503,-0.999999,4,0.247503,1,-1,0.247503,1,-1,0.247503,-1,4.01796,0.247503,-2.81118,7.36626,0.247503,0.006976,4.03191,0.247503,2.82513,4.01796,-0,-2.81118,7.36626,0,0.006976,4.03191,0,2.82513],
    "uvs": []
}