{
    "faces": [33,0,1,2,3,0,1,2,3,33,4,7,6,5,4,5,6,7,33,0,4,5,1,0,4,7,1,33,1,5,6,2,1,7,6,2,33,2,6,7,3,2,6,5,3,33,4,0,3,7,4,0,3,5,32,11,5,10,8,7,9,32,5,8,10,7,10,9,32,8,9,10,10,11,9,33,11,10,13,14,8,9,12,13,33,10,9,12,13,9,11,14,12,32,1,14,13,1,13,12,32,0,1,13,0,1,12,32,12,0,13,14,0,12,33,8,0,12,9,10,0,14,11,33,14,1,5,11,13,1,7,8],
    "normals": [0.81869,0.406751,-0.405286,0.820338,0.405621,0.403027,-0.577349,-0.577349,0.577349,-0.577349,-0.577349,-0.577349,0.577349,0.577349,-0.577349,-0.577349,0.577349,-0.577349,-0.577349,0.577349,0.577349,0.820338,-0.405621,0.403027,0.345042,-0.549638,-0.760765,-0.822352,-0.568957,0.000824,0.448317,-0.893857,0.004425,0.348766,-0.549486,0.759209,-0.822352,0.568957,0.000824,0.345042,0.549638,-0.760765,0.348766,0.549486,0.759209],
    "vertices": [4,-0,-1,4,0,1,-1,0,1,-1,-0,-1,4,1,-1,4,1,1,-1,1,1,-1,1,-1,4,1,-1,4.01796,1,-2.81118,7.36626,1,0.006976,4.03191,1,2.82513,4.01796,-0,-2.81118,7.36626,0,0.006976,4.03191,0,2.82513],
    "uvs": [],
    "name": "CubeGeometry",
    "metadata": {
        "faces": 16,
        "generator": "io_three",
        "version": 3,
        "type": "Geometry",
        "normals": 15,
        "vertices": 15,
        "uvs": 0
    }
}